id,name,address,lon,lat,map_osm,map_google,ground_truth_lon,ground_truth_lat,label
08f489c1ad8a88a5034f502493bcc4da,Silo Prime,,-98.4883638,29.420415,https://www.openstreetmap.org/?mlat=29.420415&mlon=-98.4883638&zoom=17,"https://www.google.com/maps/search/?api=1&query=29.420415,-98.4883638",,,
08f441a5ac75b04a03ae2f114951f31b,Garden Bistro,,-81.9504023,28.0420938,https://www.openstreetmap.org/?mlat=28.0420938&mlon=-81.9504023&zoom=17,"https://www.google.com/maps/search/?api=1&query=28.0420938,-81.9504023",,,
08f48d691a31bc9403f37948838961ca,Holiday Inn Express Kermit,,-103.0666993,31.8546007,https://www.openstreetmap.org/?mlat=31.8546007&mlon=-103.0666993&zoom=17,"https://www.google.com/maps/search/?api=1&query=31.8546007,-103.0666993",,,
08f2a103a2335c0003463fb684a160fb,Popeyes,,-73.7395393,40.6334766,https://www.openstreetmap.org/?mlat=40.6334766&mlon=-73.7395393&zoom=17,"https://www.google.com/maps/search/?api=1&query=40.6334766,-73.7395393",,,
08f29a014a20654203fe2326a9b77f45,Moxie Pest Control Riverside,,-117.4471996,33.9469378,https://www.openstreetmap.org/?mlat=33.9469378&mlon=-117.4471996&zoom=17,"https://www.google.com/maps/search/?api=1&query=33.9469378,-117.4471996",,,
08f29a07704223230399b1cf17518027,United States Postal Service,,-117.1899762,34.2501916,https://www.openstreetmap.org/?mlat=34.2501916&mlon=-117.1899762&zoom=17,"https://www.google.com/maps/search/?api=1&query=34.2501916,-117.1899762",,,
08f28d5ca6126b5303fca0b5d9a8380d,Smokes on Main,,-122.2283682,47.3071949,https://www.openstreetmap.org/?mlat=47.3071949&mlon=-122.2283682&zoom=17,"https://www.google.com/maps/search/?api=1&query=47.3071949,-122.2283682",,,
08f28d0aeb91060c038b7de7404c3013,Kids N Play Learning Center,,-122.1804042,48.1489914,https://www.openstreetmap.org/?mlat=48.1489914&mlon=-122.1804042&zoom=17,"https://www.google.com/maps/search/?api=1&query=48.1489914,-122.1804042",,,
08f4450c34069895035ccc43a1e36c1d,Dune Dayz’n,,-87.8891322,30.2321787,https://www.openstreetmap.org/?mlat=30.2321787&mlon=-87.8891322&zoom=17,"https://www.google.com/maps/search/?api=1&query=30.2321787,-87.8891322",,,
08f26c880216a36d03b17e1bbd0da65c,C-Store Denison,,-96.54755,33.73265,https://www.openstreetmap.org/?mlat=33.73265&mlon=-96.54755&zoom=17,"https://www.google.com/maps/search/?api=1&query=33.73265,-96.54755",,,
08f2a896f6b5854803af4bb688f7b236,All My Sons Moving & Storage,,-78.7654427,35.910003,https://www.openstreetmap.org/?mlat=35.910003&mlon=-78.7654427&zoom=17,"https://www.google.com/maps/search/?api=1&query=35.910003,-78.7654427",,,
08f29a549b8dab4103fab5dc7675b040,Enamix,,-117.7309084,33.6263615,https://www.openstreetmap.org/?mlat=33.6263615&mlon=-117.7309084&zoom=17,"https://www.google.com/maps/search/?api=1&query=33.6263615,-117.7309084",,,
08f489eb508c63050353b5b573e563b6,Tax Lifeline LLC,,-97.9246029,29.8873217,https://www.openstreetmap.org/?mlat=29.8873217&mlon=-97.9246029&zoom=17,"https://www.google.com/maps/search/?api=1&query=29.8873217,-97.9246029",,,
08f26cbb989aa08c03ec927b4cb10ed4,Ennis Pawn & Loan II,,-96.6260482,32.3086776,https://www.openstreetmap.org/?mlat=32.3086776&mlon=-96.6260482&zoom=17,"https://www.google.com/maps/search/?api=1&query=32.3086776,-96.6260482",,,
08f29a56c34d960d0387684807f703f0,Central Heydy's,,-118.2567684,33.9688362,https://www.openstreetmap.org/?mlat=33.9688362&mlon=-118.2567684&zoom=17,"https://www.google.com/maps/search/?api=1&query=33.9688362,-118.2567684",,,
08f446eab24648b203767e241b58d0c7,Jefferson Central Appraisal District,,-94.1164531,30.0412829,https://www.openstreetmap.org/?mlat=30.0412829&mlon=-94.1164531&zoom=17,"https://www.google.com/maps/search/?api=1&query=30.0412829,-94.1164531",,,
08f29a1b65d6d64103c87624d4b3d40c,El Patrón Taquizas,,-119.16807,34.23203,https://www.openstreetmap.org/?mlat=34.23203&mlon=-119.16807&zoom=17,"https://www.google.com/maps/search/?api=1&query=34.23203,-119.16807",,,
08f2aa1a018a955003a3f4581a59e165,AJS Web Agency,,-76.161535,40.630207,https://www.openstreetmap.org/?mlat=40.630207&mlon=-76.161535&zoom=17,"https://www.google.com/maps/search/?api=1&query=40.630207,-76.161535",,,
08f2aa8cdc4580580328612ed8c1f116,Stonehaven Apartments,,-76.8253885,39.1788019,https://www.openstreetmap.org/?mlat=39.1788019&mlon=-76.8253885&zoom=17,"https://www.google.com/maps/search/?api=1&query=39.1788019,-76.8253885",,,
08f2b8a2e391120603fa9eb18590ff86,Las Delicias,,-76.1193252,43.0404646,https://www.openstreetmap.org/?mlat=43.0404646&mlon=-76.1193252&zoom=17,"https://www.google.com/maps/search/?api=1&query=43.0404646,-76.1193252",,,
08f288423352004603ef5b0a89d6385c,Bodovino,,-116.3490341,43.6211838,https://www.openstreetmap.org/?mlat=43.6211838&mlon=-116.3490341&zoom=17,"https://www.google.com/maps/search/?api=1&query=43.6211838,-116.3490341",,,
08f264daf3ad6db103860eb6dcde3bb7,The Cave,,-86.3929,35.845658,https://www.openstreetmap.org/?mlat=35.845658&mlon=-86.3929&zoom=17,"https://www.google.com/maps/search/?api=1&query=35.845658,-86.3929",,,
08f441a94646a0ac039d0041da6efd3a,Au Rendezvous Motel,,-82.796147,27.799147,https://www.openstreetmap.org/?mlat=27.799147&mlon=-82.796147&zoom=17,"https://www.google.com/maps/search/?api=1&query=27.799147,-82.796147",,,
08f266884b4ac928031ad5e9470a362c,Cricket Wireless Authorized Retailer,,-85.7839885,38.1818691,https://www.openstreetmap.org/?mlat=38.1818691&mlon=-85.7839885&zoom=17,"https://www.google.com/maps/search/?api=1&query=38.1818691,-85.7839885",,,
08f267452ac90d0d03d0b4ff726162c4,Villa's Patio,,-91.6993724,42.0313002,https://www.openstreetmap.org/?mlat=42.0313002&mlon=-91.6993724&zoom=17,"https://www.google.com/maps/search/?api=1&query=42.0313002,-91.6993724",,,
08f446d31b6e4793039e4666235fdea2,BCS Road-Runner RV Campground,,-96.3510602,30.674293,https://www.openstreetmap.org/?mlat=30.674293&mlon=-96.3510602&zoom=17,"https://www.google.com/maps/search/?api=1&query=30.674293,-96.3510602",,,
08f44132cbc00ce6031a7c3c83eaa26e,Ted's Food Mart,,-82.0770213,26.964131,https://www.openstreetmap.org/?mlat=26.964131&mlon=-82.0770213&zoom=17,"https://www.google.com/maps/search/?api=1&query=26.964131,-82.0770213",,,
08f28f015eb48c86033c3b1d24c471fb,Tektronix Component Solutions,,-122.8143557,45.4996471,https://www.openstreetmap.org/?mlat=45.4996471&mlon=-122.8143557&zoom=17,"https://www.google.com/maps/search/?api=1&query=45.4996471,-122.8143557",,,
08f2a12625269533035eb0cff3bf0df6,Costco Pharmacy,,-75.5579977,40.5665276,https://www.openstreetmap.org/?mlat=40.5665276&mlon=-75.5579977&zoom=17,"https://www.google.com/maps/search/?api=1&query=40.5665276,-75.5579977",,,
08f2bab48116b49e03af2406621eb266,RTAT Precision Machining,,-73.1029983,44.6973302,https://www.openstreetmap.org/?mlat=44.6973302&mlon=-73.1029983&zoom=17,"https://www.google.com/maps/search/?api=1&query=44.6973302,-73.1029983",,,
08f28f0130ad948e0349bb35dd9b9a54,Five O Three,,-122.6137207,45.3672222,https://www.openstreetmap.org/?mlat=45.3672222&mlon=-122.6137207&zoom=17,"https://www.google.com/maps/search/?api=1&query=45.3672222,-122.6137207",,,
08f2b8a2ed60635e038d17dd50940435,Hionfi Vintage Stereo Store,,-76.071409,42.9912387,https://www.openstreetmap.org/?mlat=42.9912387&mlon=-76.071409&zoom=17,"https://www.google.com/maps/search/?api=1&query=42.9912387,-76.071409",,,
08f2a30d5a26150a0349777364b3bf51,Danforth Pewter Portsmouth,,-70.7591211,43.076508,https://www.openstreetmap.org/?mlat=43.076508&mlon=-70.7591211&zoom=17,"https://www.google.com/maps/search/?api=1&query=43.076508,-70.7591211",,,
08f2664c1a3290d1034ac7bfd7a91c27,1001 South State,,-87.6271832,41.8700653,https://www.openstreetmap.org/?mlat=41.8700653&mlon=-87.6271832&zoom=17,"https://www.google.com/maps/search/?api=1&query=41.8700653,-87.6271832",,,
08f28d54321ae515038a2e6cb9c65bbc,ARC Document Solutions,,-122.1655346,47.6272642,https://www.openstreetmap.org/?mlat=47.6272642&mlon=-122.1655346&zoom=17,"https://www.google.com/maps/search/?api=1&query=47.6272642,-122.1655346",,,
08f2af6254a34c52030a4e6e80eef554,Marco's Pizza,,-76.2035304,36.761959,https://www.openstreetmap.org/?mlat=36.761959&mlon=-76.2035304&zoom=17,"https://www.google.com/maps/search/?api=1&query=36.761959,-76.2035304",,,
08f2664d9324dcf00389658a6257ebbb,True color,,-87.7849653,42.0131752,https://www.openstreetmap.org/?mlat=42.0131752&mlon=-87.7849653&zoom=17,"https://www.google.com/maps/search/?api=1&query=42.0131752,-87.7849653",,,
08f26aa6a1c89cc0039899bad1d56553,SEMP Machine,,-104.8111143,40.0022801,https://www.openstreetmap.org/?mlat=40.0022801&mlon=-104.8111143&zoom=17,"https://www.google.com/maps/search/?api=1&query=40.0022801,-104.8111143",,,
08f44a13947518d603b72a395228befa,Hayes Farms Christmas Trees,,-80.1124977,26.1366672,https://www.openstreetmap.org/?mlat=26.1366672&mlon=-80.1124977&zoom=17,"https://www.google.com/maps/search/?api=1&query=26.1366672,-80.1124977",,,
08f2aa845801c42803a5bb0e1e7d9501,Walgreens,,-77.0061524,38.8976471,https://www.openstreetmap.org/?mlat=38.8976471&mlon=-77.0061524&zoom=17,"https://www.google.com/maps/search/?api=1&query=38.8976471,-77.0061524",,,
08f2a1388bb9164903f94a81c606ad08,Brach Eichler Injury Lawyers,,-74.267298,40.125502,https://www.openstreetmap.org/?mlat=40.125502&mlon=-74.267298&zoom=17,"https://www.google.com/maps/search/?api=1&query=40.125502,-74.267298",,,
08f446cb0942854103221215195e64ed,Riverbend RV Park,,-95.6456671,29.5421911,https://www.openstreetmap.org/?mlat=29.5421911&mlon=-95.6456671&zoom=17,"https://www.google.com/maps/search/?api=1&query=29.5421911,-95.6456671",,,
08f26cb90da0665c0360ab1873e8ad44,Panda Express,,-96.6171466,32.7343558,https://www.openstreetmap.org/?mlat=32.7343558&mlon=-96.6171466&zoom=17,"https://www.google.com/maps/search/?api=1&query=32.7343558,-96.6171466",,,
08f2aa8c2565b2e503b6894a6b305e1b,Prigel Family Creamery,,-76.6084496,39.3638788,https://www.openstreetmap.org/?mlat=39.3638788&mlon=-76.6084496&zoom=17,"https://www.google.com/maps/search/?api=1&query=39.3638788,-76.6084496",,,
08f2621a567221ac033a59cf3ec54912,Maple Plain Motel,,-93.6591577,45.0085589,https://www.openstreetmap.org/?mlat=45.0085589&mlon=-93.6591577&zoom=17,"https://www.google.com/maps/search/?api=1&query=45.0085589,-93.6591577",,,
08f44c19ab28e38103385b28b8e5f36d,Point2Point Movers LLC,,-84.2620508,33.2479198,https://www.openstreetmap.org/?mlat=33.2479198&mlon=-84.2620508&zoom=17,"https://www.google.com/maps/search/?api=1&query=33.2479198,-84.2620508",,,
08f44ab92430e10a03c22abe1c1d7b2d,MoonWalker Cookies,,-80.59186,28.18242,https://www.openstreetmap.org/?mlat=28.18242&mlon=-80.59186&zoom=17,"https://www.google.com/maps/search/?api=1&query=28.18242,-80.59186",,,
08f2a306664c80190331072fc33eed1a,Magno & Co,,-71.0923114,42.3866993,https://www.openstreetmap.org/?mlat=42.3866993&mlon=-71.0923114&zoom=17,"https://www.google.com/maps/search/?api=1&query=42.3866993,-71.0923114",,,
08f44a138c57401503c909f3a73942cc,Marksman Security Corporation,,-80.1898465,26.1852567,https://www.openstreetmap.org/?mlat=26.1852567&mlon=-80.1898465&zoom=17,"https://www.google.com/maps/search/?api=1&query=26.1852567,-80.1898465",,,
08f26969006602f20361ae5e361d6872,Lock It Up Self Storage,,-111.9785956,41.2493257,https://www.openstreetmap.org/?mlat=41.2493257&mlon=-111.9785956&zoom=17,"https://www.google.com/maps/search/?api=1&query=41.2493257,-111.9785956",,,
08f28328cdb6ca6c033e3a216e0b5027,"Pizza Guys Franchises, Inc.",,-121.265289,38.602249,https://www.openstreetmap.org/?mlat=38.602249&mlon=-121.265289&zoom=17,"https://www.google.com/maps/search/?api=1&query=38.602249,-121.265289",,,
08f2a3052c286025035498bef30e2b44,Fremont House of Pizza,,-71.1305714,42.9846637,https://www.openstreetmap.org/?mlat=42.9846637&mlon=-71.1305714&zoom=17,"https://www.google.com/maps/search/?api=1&query=42.9846637,-71.1305714",,,
08f2753c531b1d600351e40a2e20b827,Hardee's,,-91.8559887,44.9070882,https://www.openstreetmap.org/?mlat=44.9070882&mlon=-91.8559887&zoom=17,"https://www.google.com/maps/search/?api=1&query=44.9070882,-91.8559887",,,
08f44d066a74c8ce03b4a32e8d0ff2fe,BI-LO,,-80.0410324,33.0032254,https://www.openstreetmap.org/?mlat=33.0032254&mlon=-80.0410324&zoom=17,"https://www.google.com/maps/search/?api=1&query=33.0032254,-80.0410324",,,
08f489c1ad12598603da2ca1be91a273,Rincon Alegre,,-98.4876165,29.422482,https://www.openstreetmap.org/?mlat=29.422482&mlon=-98.4876165&zoom=17,"https://www.google.com/maps/search/?api=1&query=29.422482,-98.4876165",,,
08f2aae92c40cc1d03c0ce52367ecd05,BEST WESTERN Plus Harrisburg East Inn & Suites,,-76.796843,40.226846,https://www.openstreetmap.org/?mlat=40.226846&mlon=-76.796843&zoom=17,"https://www.google.com/maps/search/?api=1&query=40.226846,-76.796843",,,
08f27406b141590e03c6b2c9e5f1712e,The Storehouse,,-87.6419,45.09185,https://www.openstreetmap.org/?mlat=45.09185&mlon=-87.6419&zoom=17,"https://www.google.com/maps/search/?api=1&query=45.09185,-87.6419",,,
08f264930539a36b039a01901f809232,Village Shoppes of Madison,,-86.7868444,34.7321711,https://www.openstreetmap.org/?mlat=34.7321711&mlon=-86.7868444&zoom=17,"https://www.google.com/maps/search/?api=1&query=34.7321711,-86.7868444",,,
08f2aa057165cacc03657adcc41f17ad,Graystone Rental Lodge,,-77.9008148,41.7582052,https://www.openstreetmap.org/?mlat=41.7582052&mlon=-77.9008148&zoom=17,"https://www.google.com/maps/search/?api=1&query=41.7582052,-77.9008148",,,
08f26ebcf2c8c55a03cca17235c6867d,Crowder Cemetery,,-95.6782821,35.1196537,https://www.openstreetmap.org/?mlat=35.1196537&mlon=-95.6782821&zoom=17,"https://www.google.com/maps/search/?api=1&query=35.1196537,-95.6782821",,,
08f2a93cf1b2189b032363043f654f98,Turner Gill's Bar & Grill,,-84.6882037,39.4527832,https://www.openstreetmap.org/?mlat=39.4527832&mlon=-84.6882037&zoom=17,"https://www.google.com/maps/search/?api=1&query=39.4527832,-84.6882037",,,
08f29a1c214e661003d3ed09396a6f54,Art + Science Cafe,,-118.1384842,34.1439744,https://www.openstreetmap.org/?mlat=34.1439744&mlon=-118.1384842&zoom=17,"https://www.google.com/maps/search/?api=1&query=34.1439744,-118.1384842",,,
08f2a134d69690530329b175a05be177,Axum Advisors,,-75.1659251,39.9527867,https://www.openstreetmap.org/?mlat=39.9527867&mlon=-75.1659251&zoom=17,"https://www.google.com/maps/search/?api=1&query=39.9527867,-75.1659251",,,
08f29a1d6bd6ace603cbc80c4d9e09b3,Walgreens,,-118.3398789,34.1016872,https://www.openstreetmap.org/?mlat=34.1016872&mlon=-118.3398789&zoom=17,"https://www.google.com/maps/search/?api=1&query=34.1016872,-118.3398789",,,
08f489c13354d76203ff8ff8cd582208,Tequila Spurs,,-98.5158625,29.348368,https://www.openstreetmap.org/?mlat=29.348368&mlon=-98.5158625&zoom=17,"https://www.google.com/maps/search/?api=1&query=29.348368,-98.5158625",,,
08f275802b0836580383198109308eb9,ETO Consulting,,-89.3467928,43.0927002,https://www.openstreetmap.org/?mlat=43.0927002&mlon=-89.3467928&zoom=17,"https://www.google.com/maps/search/?api=1&query=43.0927002,-89.3467928",,,
08f4455094a15b6c031ea10202355a2d,Tindell Symmes Estes and Cusick,,-89.092785,30.3768433,https://www.openstreetmap.org/?mlat=30.3768433&mlon=-89.092785&zoom=17,"https://www.google.com/maps/search/?api=1&query=30.3768433,-89.092785",,,
08f44d84e100d205035d6441bbac0d61,Michael Kors Outlet,,-80.9702736,35.169261,https://www.openstreetmap.org/?mlat=35.169261&mlon=-80.9702736&zoom=17,"https://www.google.com/maps/search/?api=1&query=35.169261,-80.9702736",,,
08f29a188420a23403052f71db0f1c5c,Aids Healthcare Foundation Pharmacy San Fernando Valley,,-118.4482982,34.160652,https://www.openstreetmap.org/?mlat=34.160652&mlon=-118.4482982&zoom=17,"https://www.google.com/maps/search/?api=1&query=34.160652,-118.4482982",,,
08f2a10baa35338903752d0a4e9bc468,Home Services at The Home Depot,,-73.311659,40.842715,https://www.openstreetmap.org/?mlat=40.842715&mlon=-73.311659&zoom=17,"https://www.google.com/maps/search/?api=1&query=40.842715,-73.311659",,,
08f48ebaf289239303a943c849dbf01f,Redbox,,-111.6834104,33.4510063,https://www.openstreetmap.org/?mlat=33.4510063&mlon=-111.6834104&zoom=17,"https://www.google.com/maps/search/?api=1&query=33.4510063,-111.6834104",,,
08f2642b36625bb4030ddc4dc63e51ca,Teppys Harvest,,-90.5286063,38.2123223,https://www.openstreetmap.org/?mlat=38.2123223&mlon=-90.5286063&zoom=17,"https://www.google.com/maps/search/?api=1&query=38.2123223,-90.5286063",,,
08f44a1bb0b32b6803ed387b42ea2a57,VIP Phone Repair,,-80.3807375,25.7680633,https://www.openstreetmap.org/?mlat=25.7680633&mlon=-80.3807375&zoom=17,"https://www.google.com/maps/search/?api=1&query=25.7680633,-80.3807375",,,
08f2a1345988919d0344874dbbd9ba5e,Old Navy,,-74.9202815,39.869597,https://www.openstreetmap.org/?mlat=39.869597&mlon=-74.9202815&zoom=17,"https://www.google.com/maps/search/?api=1&query=39.869597,-74.9202815",,,
08f26c188e7b0ac403ac80fd3fa7799e,Red Cap Tag Agency,,-97.5887226,35.4785667,https://www.openstreetmap.org/?mlat=35.4785667&mlon=-97.5887226&zoom=17,"https://www.google.com/maps/search/?api=1&query=35.4785667,-97.5887226",,,
08f2986bab1a2c4a03546d394e8dd0e4,Resharp,,-115.2443317,36.1225905,https://www.openstreetmap.org/?mlat=36.1225905&mlon=-115.2443317&zoom=17,"https://www.google.com/maps/search/?api=1&query=36.1225905,-115.2443317",,,
08f26c86ead81d920355f2418ea4bab7,Pioneer House Apartments,,-96.98314,32.8281,https://www.openstreetmap.org/?mlat=32.8281&mlon=-96.98314&zoom=17,"https://www.google.com/maps/search/?api=1&query=32.8281,-96.98314",,,
08f44a9146c05a4003625dff4a208b3c,Marriott Vacation Club International,,-81.476004,28.402453,https://www.openstreetmap.org/?mlat=28.402453&mlon=-81.476004&zoom=17,"https://www.google.com/maps/search/?api=1&query=28.402453,-81.476004",,,
08f2aa072a4a9d8003a7b84208cd930e,Quiet Oaks Campground,,-77.8224892,41.4533266,https://www.openstreetmap.org/?mlat=41.4533266&mlon=-77.8224892&zoom=17,"https://www.google.com/maps/search/?api=1&query=41.4533266,-77.8224892",,,
08f44d9cc2db447103aaeaaf4005ec35,Law Office of Christopher Houston Rumfelt,,-82.0086498,35.6831869,https://www.openstreetmap.org/?mlat=35.6831869&mlon=-82.0086498&zoom=17,"https://www.google.com/maps/search/?api=1&query=35.6831869,-82.0086498",,,
08f27592411a0c30032e71d776971194,Bath & Body Works,,-87.9533246,41.8501846,https://www.openstreetmap.org/?mlat=41.8501846&mlon=-87.9533246&zoom=17,"https://www.google.com/maps/search/?api=1&query=41.8501846,-87.9533246",,,
08f266c59ccc5c8503bc7d25e1d75002,Read Quadrangle,,-86.514914,39.1659358,https://www.openstreetmap.org/?mlat=39.1659358&mlon=-86.514914&zoom=17,"https://www.google.com/maps/search/?api=1&query=39.1659358,-86.514914",,,
08f264d1a123222003b51d0e2c60fd15,Baskin-Robbins,,-86.8795289,36.1383101,https://www.openstreetmap.org/?mlat=36.1383101&mlon=-86.8795289&zoom=17,"https://www.google.com/maps/search/?api=1&query=36.1383101,-86.8795289",,,
08f44a91426238f3039a5198c95e8d83,Marriott,,-81.4689233,28.4373881,https://www.openstreetmap.org/?mlat=28.4373881&mlon=-81.4689233&zoom=17,"https://www.google.com/maps/search/?api=1&query=28.4373881,-81.4689233",,,
08f2a88d84742c35036197c48b6019d0,Sapient Health Services,,-79.3621788,37.5368256,https://www.openstreetmap.org/?mlat=37.5368256&mlon=-79.3621788&zoom=17,"https://www.google.com/maps/search/?api=1&query=37.5368256,-79.3621788",,,
08f2a12291ade2240343bddfb9c54440,Faber Distilling Co.,,-75.3818296,40.4128215,https://www.openstreetmap.org/?mlat=40.4128215&mlon=-75.3818296&zoom=17,"https://www.google.com/maps/search/?api=1&query=40.4128215,-75.3818296",,,
08f289230a6ec843030df29eb2940087,Cyrus Design Company,,-111.0240968,45.6841012,https://www.openstreetmap.org/?mlat=45.6841012&mlon=-111.0240968&zoom=17,"https://www.google.com/maps/search/?api=1&query=45.6841012,-111.0240968",,,
08f2b8c04e681cf403eaac04e44d8507,Small Town Spirits & Wine,,-73.81237,44.38858,https://www.openstreetmap.org/?mlat=44.38858&mlon=-73.81237&zoom=17,"https://www.google.com/maps/search/?api=1&query=44.38858,-73.81237",,,
08f44d95b3640aa8033faf25217642d8,Morganton Storage,,-81.6312392,35.7032625,https://www.openstreetmap.org/?mlat=35.7032625&mlon=-81.6312392&zoom=17,"https://www.google.com/maps/search/?api=1&query=35.7032625,-81.6312392",,,
08f2aa8d8c45a2c303cff6a8de3bf0ca,Starbucks,,-76.7765638,39.418087,https://www.openstreetmap.org/?mlat=39.418087&mlon=-76.7765638&zoom=17,"https://www.google.com/maps/search/?api=1&query=39.418087,-76.7765638",,,
08f44490e0c939190308c05ce1195fbf,Big Coon Creek,,-94.2432943,34.2222473,https://www.openstreetmap.org/?mlat=34.2222473&mlon=-94.2432943&zoom=17,"https://www.google.com/maps/search/?api=1&query=34.2222473,-94.2432943",,,
08f2a903131069ae0344b7990e3d36b7,Adecco Staffing,,-83.77048,39.914421,https://www.openstreetmap.org/?mlat=39.914421&mlon=-83.77048&zoom=17,"https://www.google.com/maps/search/?api=1&query=39.914421,-83.77048",,,
08f2ad48d3d365a203a304cf2fe50a97,Moe's Southwest Grill,,-77.369988,35.5810865,https://www.openstreetmap.org/?mlat=35.5810865&mlon=-77.369988&zoom=17,"https://www.google.com/maps/search/?api=1&query=35.5810865,-77.369988",,,
08f445c5361364810350602371a450d9,Luckey's Fish House,,-89.5176696,31.9634138,https://www.openstreetmap.org/?mlat=31.9634138&mlon=-89.5176696&zoom=17,"https://www.google.com/maps/search/?api=1&query=31.9634138,-89.5176696",,,
08f2a33a12c699a20308ba2b3afe4dcb,Grahams Hot Dogs,,-71.1387137,41.6987946,https://www.openstreetmap.org/?mlat=41.6987946&mlon=-71.1387137&zoom=17,"https://www.google.com/maps/search/?api=1&query=41.6987946,-71.1387137",,,
08f26c2b80211c22032b781f0d0dc9b6,Cheyenne Motel,,-99.6719955,35.6146337,https://www.openstreetmap.org/?mlat=35.6146337&mlon=-99.6719955&zoom=17,"https://www.google.com/maps/search/?api=1&query=35.6146337,-99.6719955",,,
08f2a13d263614d0031e501729743b07,Tjs Cafe ,,-74.4474335,40.4992436,https://www.openstreetmap.org/?mlat=40.4992436&mlon=-74.4474335&zoom=17,"https://www.google.com/maps/search/?api=1&query=40.4992436,-74.4474335",,,
08f5d168603594d5032463a6511a01e8,Puamana Resort,,-156.669156,20.859205,https://www.openstreetmap.org/?mlat=20.859205&mlon=-156.669156&zoom=17,"https://www.google.com/maps/search/?api=1&query=20.859205,-156.669156",,,
08f283466d86095b03e0dac3cb738ae2,Bon Appetit at Oracle,,-122.264382,37.5306104,https://www.openstreetmap.org/?mlat=37.5306104&mlon=-122.264382&zoom=17,"https://www.google.com/maps/search/?api=1&query=37.5306104,-122.264382",,,
08f26cb911c8b50603fbfbed56c68168,Employ For You,,-96.75135,32.76719,https://www.openstreetmap.org/?mlat=32.76719&mlon=-96.75135&zoom=17,"https://www.google.com/maps/search/?api=1&query=32.76719,-96.75135",,,
08f266d4a17a676303af0ed12d01640c,Burger King,,-85.5427861,38.2997653,https://www.openstreetmap.org/?mlat=38.2997653&mlon=-85.5427861&zoom=17,"https://www.google.com/maps/search/?api=1&query=38.2997653,-85.5427861",,,
08f2a9ecc0598818037399796c6ff9a1,Taco Bell,,-83.7908365,38.6268695,https://www.openstreetmap.org/?mlat=38.6268695&mlon=-83.7908365&zoom=17,"https://www.google.com/maps/search/?api=1&query=38.6268695,-83.7908365",,,
08f29a188219d1b3030593389fbcd862,Davidovich Stone Law Group LLP,,-118.4133489,34.188001,https://www.openstreetmap.org/?mlat=34.188001&mlon=-118.4133489&zoom=17,"https://www.google.com/maps/search/?api=1&query=34.188001,-118.4133489",,,
08f29a84d0564104035c0fe3283bdba0,Krispy Krunchy Chicken,,-119.0994311515379,36.4131953093874,https://www.openstreetmap.org/?mlat=36.4131953093874&mlon=-119.0994311515379&zoom=17,"https://www.google.com/maps/search/?api=1&query=36.4131953093874,-119.0994311515379",,,
08f48d6db4632211038b9ffe1a0837de,Garden Center Tractor Supply,,-102.378302,31.8177071,https://www.openstreetmap.org/?mlat=31.8177071&mlon=-102.378302&zoom=17,"https://www.google.com/maps/search/?api=1&query=31.8177071,-102.378302",,,
08f44cc2b691a195034a63be6f3ecf55,Home and Farm Supply,,-84.9657463,34.7710564,https://www.openstreetmap.org/?mlat=34.7710564&mlon=-84.9657463&zoom=17,"https://www.google.com/maps/search/?api=1&query=34.7710564,-84.9657463",,,
08f44dd1922eda4303e5d8bb02af3ef4,Nubad,,-82.4103923,34.8174741,https://www.openstreetmap.org/?mlat=34.8174741&mlon=-82.4103923&zoom=17,"https://www.google.com/maps/search/?api=1&query=34.8174741,-82.4103923",,,
08f29aeb2324221103fb2902d8a4ce1a,Carnitas Michoacan,,-119.0140035,35.3393742,https://www.openstreetmap.org/?mlat=35.3393742&mlon=-119.0140035&zoom=17,"https://www.google.com/maps/search/?api=1&query=35.3393742,-119.0140035",,,
08f26960656c6694038f637ccc8bfd55,Bath & Body Works,,-111.9546294,40.6928572,https://www.openstreetmap.org/?mlat=40.6928572&mlon=-111.9546294&zoom=17,"https://www.google.com/maps/search/?api=1&query=40.6928572,-111.9546294",,,
08f29ab816c85d6203c45bc18203252a,Gerald A Mele & Associates,,-119.7759713,36.843459,https://www.openstreetmap.org/?mlat=36.843459&mlon=-119.7759713&zoom=17,"https://www.google.com/maps/search/?api=1&query=36.843459,-119.7759713",,,
08f2a1072e09d5940330fc44fce52148,A Condominiums,,-74.036741,40.7214437,https://www.openstreetmap.org/?mlat=40.7214437&mlon=-74.036741&zoom=17,"https://www.google.com/maps/search/?api=1&query=40.7214437,-74.036741",,,
08f283082a38b02e03f61b240b59e5b8,Forell Elsesser Engineers,,-122.399543,37.7924136,https://www.openstreetmap.org/?mlat=37.7924136&mlon=-122.399543&zoom=17,"https://www.google.com/maps/search/?api=1&query=37.7924136,-122.399543",,,
08f2986a36788adc030b7c437bb85ee9,Textbroker USA,,-115.2672969,36.1453471,https://www.openstreetmap.org/?mlat=36.1453471&mlon=-115.2672969&zoom=17,"https://www.google.com/maps/search/?api=1&query=36.1453471,-115.2672969",,,
08f44de942b49a0403612bcc22b02ce3,Prisma Health Pharmacy-Baptist,,-81.03292787289486,34.00723557013337,https://www.openstreetmap.org/?mlat=34.00723557013337&mlon=-81.03292787289486&zoom=17,"https://www.google.com/maps/search/?api=1&query=34.00723557013337,-81.03292787289486",,,
08f2a1331b61cd2203e7a91a07c9ad54,The Inn At Sea Oaks,,-74.3341734,39.624056,https://www.openstreetmap.org/?mlat=39.624056&mlon=-74.3341734&zoom=17,"https://www.google.com/maps/search/?api=1&query=39.624056,-74.3341734",,,
08f29a117245e8ae03e392aa2d1cf3bb,Volunteers of America,,-118.5344954,34.3853483,https://www.openstreetmap.org/?mlat=34.3853483&mlon=-118.5344954&zoom=17,"https://www.google.com/maps/search/?api=1&query=34.3853483,-118.5344954",,,
08f44c1159bb2d0b039bfb2ab2999169,Zaxby's,,-84.2319937,33.6816541,https://www.openstreetmap.org/?mlat=33.6816541&mlon=-84.2319937&zoom=17,"https://www.google.com/maps/search/?api=1&query=33.6816541,-84.2319937",,,
08f2a100d2c430f503c953f3080da956,Fair and Lovely,,-73.9881177,40.7467721,https://www.openstreetmap.org/?mlat=40.7467721&mlon=-73.9881177&zoom=17,"https://www.google.com/maps/search/?api=1&query=40.7467721,-73.9881177",,,
08f266d25a4e1a0d03f0f73d5761af93,The Ashley Inn,,-84.6475825,37.7270092,https://www.openstreetmap.org/?mlat=37.7270092&mlon=-84.6475825&zoom=17,"https://www.google.com/maps/search/?api=1&query=37.7270092,-84.6475825",,,
08f12db3480102560329918b1c731b9d,Moon Time,,-116.7626524,47.6731345,https://www.openstreetmap.org/?mlat=47.6731345&mlon=-116.7626524&zoom=17,"https://www.google.com/maps/search/?api=1&query=47.6731345,-116.7626524",,,
08f26e1ae2b221ad03a04f9d14e91436,R&K RV Park,,-95.447457,37.6694287,https://www.openstreetmap.org/?mlat=37.6694287&mlon=-95.447457&zoom=17,"https://www.google.com/maps/search/?api=1&query=37.6694287,-95.447457",,,
08f445bd0069e9130371e57ab2cb7313,Factory Connection,,-89.3037669,33.8547503,https://www.openstreetmap.org/?mlat=33.8547503&mlon=-89.3037669&zoom=17,"https://www.google.com/maps/search/?api=1&query=33.8547503,-89.3037669",,,
08f2600b0ba0623403b272c6307f6e6b,Staybridge Suites Sioux Falls Southwest,,-96.776486,43.4961902,https://www.openstreetmap.org/?mlat=43.4961902&mlon=-96.776486&zoom=17,"https://www.google.com/maps/search/?api=1&query=43.4961902,-96.776486",,,
08f44ee4d3d61d5e03dcab89003c0251,Wynnton Hardware,,-84.9577156,32.4706637,https://www.openstreetmap.org/?mlat=32.4706637&mlon=-84.9577156&zoom=17,"https://www.google.com/maps/search/?api=1&query=32.4706637,-84.9577156",,,
08f2745d126b56e3030c1b88e8f8cf00,Sunset Pines Resort,,-85.7533099,46.1585125,https://www.openstreetmap.org/?mlat=46.1585125&mlon=-85.7533099&zoom=17,"https://www.google.com/maps/search/?api=1&query=46.1585125,-85.7533099",,,
08f2618a6e86adac03da3f1a86af14cc,Chief Buildings Div,,-98.3959042,40.900343,https://www.openstreetmap.org/?mlat=40.900343&mlon=-98.3959042&zoom=17,"https://www.google.com/maps/search/?api=1&query=40.900343,-98.3959042",,,
08f2b10608a98781034202463a8c5678,The Carriage House,,-68.589416,47.0977112,https://www.openstreetmap.org/?mlat=47.0977112&mlon=-68.589416&zoom=17,"https://www.google.com/maps/search/?api=1&query=47.0977112,-68.589416",,,
08f268cd98b5035203203e7bfccf622b,BLUECAR Skate Shop,,-105.085616,39.6826162,https://www.openstreetmap.org/?mlat=39.6826162&mlon=-105.085616&zoom=17,"https://www.google.com/maps/search/?api=1&query=39.6826162,-105.085616",,,
08f27aaa84104b4103c90ed560d6cbf4,Border States Electric,,-103.2518753,47.7769371,https://www.openstreetmap.org/?mlat=47.7769371&mlon=-103.2518753&zoom=17,"https://www.google.com/maps/search/?api=1&query=47.7769371,-103.2518753",,,
08f275d2b490e55003e53139526832c2,Professional Placement Services,,-87.9265115,43.0337624,https://www.openstreetmap.org/?mlat=43.0337624&mlon=-87.9265115&zoom=17,"https://www.google.com/maps/search/?api=1&query=43.0337624,-87.9265115",,,
08f29a19a372a75203ec0f732726579c,JobTracks,,-118.4589058,33.9836367,https://www.openstreetmap.org/?mlat=33.9836367&mlon=-118.4589058&zoom=17,"https://www.google.com/maps/search/?api=1&query=33.9836367,-118.4589058",,,
08f2640c8207534c035dc0a919f4df8a,Hotel Jefferson,,-90.1972143,38.6326452,https://www.openstreetmap.org/?mlat=38.6326452&mlon=-90.1972143&zoom=17,"https://www.google.com/maps/search/?api=1&query=38.6326452,-90.1972143",,,
08f2aa8cec01998c0365c3d8f1a13a5a,Sonesta Simply Suites Baltimore BWI Airport,,-76.6884045,39.2040616,https://www.openstreetmap.org/?mlat=39.2040616&mlon=-76.6884045&zoom=17,"https://www.google.com/maps/search/?api=1&query=39.2040616,-76.6884045",,,
08f44a90e2768c460342e973337bbdce,Starbucks,,-81.3099603,28.5757891,https://www.openstreetmap.org/?mlat=28.5757891&mlon=-81.3099603&zoom=17,"https://www.google.com/maps/search/?api=1&query=28.5757891,-81.3099603",,,
08f27590562abb060368291b80cf9231,Precision Powder Coating,,-88.3082733,42.2439917,https://www.openstreetmap.org/?mlat=42.2439917&mlon=-88.3082733&zoom=17,"https://www.google.com/maps/search/?api=1&query=42.2439917,-88.3082733",,,
08f2600b7608a70003fa3013c0f212ec,Walgreens,,-96.7307438,43.5290492,https://www.openstreetmap.org/?mlat=43.5290492&mlon=-96.7307438&zoom=17,"https://www.google.com/maps/search/?api=1&query=43.5290492,-96.7307438",,,
08f26752726d612203878c17fe19afdb,Pleasant Pines Daycare,,-89.8513666,40.6788712,https://www.openstreetmap.org/?mlat=40.6788712&mlon=-89.8513666&zoom=17,"https://www.google.com/maps/search/?api=1&query=40.6788712,-89.8513666",,,
08f29124c8370352039d02ac68aa8e49,Marez Events Center,,-119.1781792,34.1979879,https://www.openstreetmap.org/?mlat=34.1979879&mlon=-119.1781792&zoom=17,"https://www.google.com/maps/search/?api=1&query=34.1979879,-119.1781792",,,
08f266c804ab666d03564dee370407fe,Mesco Manufacturing,,-85.4723357,39.334856,https://www.openstreetmap.org/?mlat=39.334856&mlon=-85.4723357&zoom=17,"https://www.google.com/maps/search/?api=1&query=39.334856,-85.4723357",,,
08f488269c809d62032ad14489ac01fc,Malek Buck Horn Creek Ranch,,-98.2913049,28.8700576,https://www.openstreetmap.org/?mlat=28.8700576&mlon=-98.2913049&zoom=17,"https://www.google.com/maps/search/?api=1&query=28.8700576,-98.2913049",,,
08f29a4c5bd6845e03ce47d467a58886,Bonita Shoe Repair,,-117.0394079,32.6582724,https://www.openstreetmap.org/?mlat=32.6582724&mlon=-117.0394079&zoom=17,"https://www.google.com/maps/search/?api=1&query=32.6582724,-117.0394079",,,
08f2664cce0986e4034293c714ba8610,Holistic Staffers Inc.,,-87.61219,41.74362,https://www.openstreetmap.org/?mlat=41.74362&mlon=-87.61219&zoom=17,"https://www.google.com/maps/search/?api=1&query=41.74362,-87.61219",,,
08f26042533a3455033e728f50a63ee0,Erin Drew Design,,-96.81588,43.98485,https://www.openstreetmap.org/?mlat=43.98485&mlon=-96.81588&zoom=17,"https://www.google.com/maps/search/?api=1&query=43.98485,-96.81588",,,
08f275925c109a30034d4d467c98b6a2,Dunkin',,-88.0069467,41.8399958,https://www.openstreetmap.org/?mlat=41.8399958&mlon=-88.0069467&zoom=17,"https://www.google.com/maps/search/?api=1&query=41.8399958,-88.0069467",,,
08f44a1a8eb4985303d265d917bdd5e8,CVS Beauty,,-80.3772,26.00837,https://www.openstreetmap.org/?mlat=26.00837&mlon=-80.3772&zoom=17,"https://www.google.com/maps/search/?api=1&query=26.00837,-80.3772",,,
08f275d018660c200372cc60bc003adb,Creekside Vintage,,-87.9884503,43.3009436,https://www.openstreetmap.org/?mlat=43.3009436&mlon=-87.9884503&zoom=17,"https://www.google.com/maps/search/?api=1&query=43.3009436,-87.9884503",,,
08f2a8b09c5ad78b03ee40d1c2319ba2,Office Depot Print & Copy,,-79.8814802,36.1130645,https://www.openstreetmap.org/?mlat=36.1130645&mlon=-79.8814802&zoom=17,"https://www.google.com/maps/search/?api=1&query=36.1130645,-79.8814802",,,
08f26421b00082a1039c1d47fba3be0b,Keen Taxidermy | Bourbon MO,,-91.1994379,38.1825268,https://www.openstreetmap.org/?mlat=38.1825268&mlon=-91.1994379&zoom=17,"https://www.google.com/maps/search/?api=1&query=38.1825268,-91.1994379",,,
08f26c820b29a90603e92ad23d25e4ee,Raising Cane's,,-96.449427,32.91042,https://www.openstreetmap.org/?mlat=32.91042&mlon=-96.449427&zoom=17,"https://www.google.com/maps/search/?api=1&query=32.91042,-96.449427",,,
08f264dc60d0bda5037015258df22703,Dollar General,,-86.8664037,36.3188478,https://www.openstreetmap.org/?mlat=36.3188478&mlon=-86.8664037&zoom=17,"https://www.google.com/maps/search/?api=1&query=36.3188478,-86.8664037",,,
08f2aa8c1126bb920308290be9c43fb7,Haribo of America,,-76.736693,39.318795,https://www.openstreetmap.org/?mlat=39.318795&mlon=-76.736693&zoom=17,"https://www.google.com/maps/search/?api=1&query=39.318795,-76.736693",,,
08f441ac5d08b29003b5a1be905ffcb7,Staybridge Suites,,-82.3370274,27.9784639,https://www.openstreetmap.org/?mlat=27.9784639&mlon=-82.3370274&zoom=17,"https://www.google.com/maps/search/?api=1&query=27.9784639,-82.3370274",,,
08f275b7ab843aeb03dd660d36bb0f4d,Dollar General,,-90.1833793,41.8723159,https://www.openstreetmap.org/?mlat=41.8723159&mlon=-90.1833793&zoom=17,"https://www.google.com/maps/search/?api=1&query=41.8723159,-90.1833793",,,
08f4450863054ca903b8e9e16e72be6c,Little People Learning Center,,-88.5386975,30.4048794,https://www.openstreetmap.org/?mlat=30.4048794&mlon=-88.5386975&zoom=17,"https://www.google.com/maps/search/?api=1&query=30.4048794,-88.5386975",,,
08f2aa8c2c91654c0307f9ec74d32578,Nicole Matthews Daycare,,-76.5904581,39.3459773,https://www.openstreetmap.org/?mlat=39.3459773&mlon=-76.5904581&zoom=17,"https://www.google.com/maps/search/?api=1&query=39.3459773,-76.5904581",,,
08f2aaab323a5618032cde18a156c235,Mr. Wish Herndon,,-77.4008504,38.9619018,https://www.openstreetmap.org/?mlat=38.9619018&mlon=-77.4008504&zoom=17,"https://www.google.com/maps/search/?api=1&query=38.9619018,-77.4008504",,,
08f27592230294de03a50049e2aebfe3,Uncle Bill's Diner,,-88.0796822,41.9990189,https://www.openstreetmap.org/?mlat=41.9990189&mlon=-88.0796822&zoom=17,"https://www.google.com/maps/search/?api=1&query=41.9990189,-88.0796822",,,
08f2ab320a85e12203cd386804c83cd7,Orrville Cycling and Fitness,,-81.8029597,40.8445198,https://www.openstreetmap.org/?mlat=40.8445198&mlon=-81.8029597&zoom=17,"https://www.google.com/maps/search/?api=1&query=40.8445198,-81.8029597",,,
08f283009a04d36a03200214f7b0f6d3,Eagle Eye Engraving,,-121.9877324,38.3547523,https://www.openstreetmap.org/?mlat=38.3547523&mlon=-121.9877324&zoom=17,"https://www.google.com/maps/search/?api=1&query=38.3547523,-121.9877324",,,
08f44a915804d94203b95990ac6c3a98,Poolside At The Hard Rock Hotel,,-81.4646757,28.4765848,https://www.openstreetmap.org/?mlat=28.4765848&mlon=-81.4646757&zoom=17,"https://www.google.com/maps/search/?api=1&query=28.4765848,-81.4646757",,,
08f44a900b34540003667590b4b98139,Neighborhood Rogue,,-81.368282,28.544091,https://www.openstreetmap.org/?mlat=28.544091&mlon=-81.368282&zoom=17,"https://www.google.com/maps/search/?api=1&query=28.544091,-81.368282",,,
08f28f58f539db8803a6fbfd8b913bcd,Harbor Freight,,-124.053771,44.640526,https://www.openstreetmap.org/?mlat=44.640526&mlon=-124.053771&zoom=17,"https://www.google.com/maps/search/?api=1&query=44.640526,-124.053771",,,
08f2a12a4cc9dd0e0322c9f4ab7ea904,Walmart Manville,,-74.5842067,40.5461038,https://www.openstreetmap.org/?mlat=40.5461038&mlon=-74.5842067&zoom=17,"https://www.google.com/maps/search/?api=1&query=40.5461038,-74.5842067",,,
08f2aa84eb74230a03a2befec594e89d,SIE Consulting Group,,-77.0951922,38.8876341,https://www.openstreetmap.org/?mlat=38.8876341&mlon=-77.0951922&zoom=17,"https://www.google.com/maps/search/?api=1&query=38.8876341,-77.0951922",,,
08f260b095819ad803d156c8fcb81e8e,Sabetha Plaza Inn,,-95.780577,39.886417,https://www.openstreetmap.org/?mlat=39.886417&mlon=-95.780577&zoom=17,"https://www.google.com/maps/search/?api=1&query=39.886417,-95.780577",,,
08f444b02850455e0324be5ab53ac719,Redbox,,-93.0592051,34.4741678,https://www.openstreetmap.org/?mlat=34.4741678&mlon=-93.0592051&zoom=17,"https://www.google.com/maps/search/?api=1&query=34.4741678,-93.0592051",,,
08f28d58e183371503fa920aa1366978,Sentry Mini Storage,,-123.0428669,47.2502648,https://www.openstreetmap.org/?mlat=47.2502648&mlon=-123.0428669&zoom=17,"https://www.google.com/maps/search/?api=1&query=47.2502648,-123.0428669",,,
08f2a896491b42f003539353ee455d76,Eagles Express,,-78.5194935,35.7947947,https://www.openstreetmap.org/?mlat=35.7947947&mlon=-78.5194935&zoom=17,"https://www.google.com/maps/search/?api=1&query=35.7947947,-78.5194935",,,
08f26c2a5180aa4e03efc410874d176d,Attic Door,,-99.4048112,35.4110504,https://www.openstreetmap.org/?mlat=35.4110504&mlon=-99.4048112&zoom=17,"https://www.google.com/maps/search/?api=1&query=35.4110504,-99.4048112",,,
08f28985333432c803b55188efabf6b0,Best Western Plus Grant Creek Inn,,-114.0319736,46.9134866,https://www.openstreetmap.org/?mlat=46.9134866&mlon=-114.0319736&zoom=17,"https://www.google.com/maps/search/?api=1&query=46.9134866,-114.0319736",,,
08f26cbda024d00903b678c96da5761f,ABP Architecture,,-97.3363882,32.7533225,https://www.openstreetmap.org/?mlat=32.7533225&mlon=-97.3363882&zoom=17,"https://www.google.com/maps/search/?api=1&query=32.7533225,-97.3363882",,,
08f0c55cd9ced8cb03d0d2f32172076d,Potters House Bed and Breakfast,,-151.0547483,60.562606,https://www.openstreetmap.org/?mlat=60.562606&mlon=-151.0547483&zoom=17,"https://www.google.com/maps/search/?api=1&query=60.562606,-151.0547483",,,
08f29a4745b1b74e034bb900b330ff79,Affinity Licensing,,-117.2723602,33.1376527,https://www.openstreetmap.org/?mlat=33.1376527&mlon=-117.2723602&zoom=17,"https://www.google.com/maps/search/?api=1&query=33.1376527,-117.2723602",,,
08f2832080b08553034a8b2bceacc660,Georgetown Distillery,,-120.8499528,38.9083593,https://www.openstreetmap.org/?mlat=38.9083593&mlon=-120.8499528&zoom=17,"https://www.google.com/maps/search/?api=1&query=38.9083593,-120.8499528",,,
08f446ca19b6c8360327e0626e77263c,Jack in the Box,,-95.571638,29.7035979,https://www.openstreetmap.org/?mlat=29.7035979&mlon=-95.571638&zoom=17,"https://www.google.com/maps/search/?api=1&query=29.7035979,-95.571638",,,
08f489e3552933950350c60b0fccb449,El Xolo Tacos,,-97.7209045,30.2797033,https://www.openstreetmap.org/?mlat=30.2797033&mlon=-97.7209045&zoom=17,"https://www.google.com/maps/search/?api=1&query=30.2797033,-97.7209045",,,
08f2a162d590bc93036a266d72db8d4c,Beaver Brook Nursery,,-74.5726547,41.2512589,https://www.openstreetmap.org/?mlat=41.2512589&mlon=-74.5726547&zoom=17,"https://www.google.com/maps/search/?api=1&query=41.2512589,-74.5726547",,,
08f2a100aca2d984031f9b86b66205ec,Kravez NYC,,-73.888821,40.8528211,https://www.openstreetmap.org/?mlat=40.8528211&mlon=-73.888821&zoom=17,"https://www.google.com/maps/search/?api=1&query=40.8528211,-73.888821",,,
08f489e35b2e92e103ee30ac0812e60a,The Custody Lawyer,,-97.7380237,30.3663733,https://www.openstreetmap.org/?mlat=30.3663733&mlon=-97.7380237&zoom=17,"https://www.google.com/maps/search/?api=1&query=30.3663733,-97.7380237",,,
08f2830881d9c4a403bed91e213c1381,Zamboni's Pizza,,-122.191723,37.8841257,https://www.openstreetmap.org/?mlat=37.8841257&mlon=-122.191723&zoom=17,"https://www.google.com/maps/search/?api=1&query=37.8841257,-122.191723",,,
08f2b8db2dba8113036f255e6ff96752,Hanover Transfer & Storage,,-72.3113725,43.6324193,https://www.openstreetmap.org/?mlat=43.6324193&mlon=-72.3113725&zoom=17,"https://www.google.com/maps/search/?api=1&query=43.6324193,-72.3113725",,,
08f2b1a2a9cac29203c66e32c92ff7e8,Viking Inc,,-69.1963093,44.1476229,https://www.openstreetmap.org/?mlat=44.1476229&mlon=-69.1963093&zoom=17,"https://www.google.com/maps/search/?api=1&query=44.1476229,-69.1963093",,,
08f268c6e426b2ec03481f4dbbc3f221,Mr Pollo,,-104.7614095,38.8346867,https://www.openstreetmap.org/?mlat=38.8346867&mlon=-104.7614095&zoom=17,"https://www.google.com/maps/search/?api=1&query=38.8346867,-104.7614095",,,
08f2a100d6cc6c9a037f91b3ab4e8e66,Essex House Hotel - Central Park South,,-73.9782938,40.7665135,https://www.openstreetmap.org/?mlat=40.7665135&mlon=-73.9782938&zoom=17,"https://www.google.com/maps/search/?api=1&query=40.7665135,-73.9782938",,,
08f2ab2ca1a62da203afc5237dced09e,Lee Beauty Supply,,-83.2598246,42.4866487,https://www.openstreetmap.org/?mlat=42.4866487&mlon=-83.2598246&zoom=17,"https://www.google.com/maps/search/?api=1&query=42.4866487,-83.2598246",,,
08f2a3461d0332ab03724d984afa88bc,95 Ocean,,-70.473211,43.352576,https://www.openstreetmap.org/?mlat=43.352576&mlon=-70.473211&zoom=17,"https://www.google.com/maps/search/?api=1&query=43.352576,-70.473211",,,
08f28347432e8b2903fb1a295fd5eec5,Palantir Technologies,,-122.1622467,37.4425438,https://www.openstreetmap.org/?mlat=37.4425438&mlon=-122.1622467&zoom=17,"https://www.google.com/maps/search/?api=1&query=37.4425438,-122.1622467",,,
08f44cc60d701aa603b78e54f37629ab,Tempting Tiki Extreme Shaved Ice,,-84.7632845,34.8250002,https://www.openstreetmap.org/?mlat=34.8250002&mlon=-84.7632845&zoom=17,"https://www.google.com/maps/search/?api=1&query=34.8250002,-84.7632845",,,
08f279a54aa1860603125b4cb38aee10,Hunter Peak Ranch,,-109.6525513,44.8789449,https://www.openstreetmap.org/?mlat=44.8789449&mlon=-109.6525513&zoom=17,"https://www.google.com/maps/search/?api=1&query=44.8789449,-109.6525513",,,
08f2ab30868906510388035033f3ead3,58 Storage,,-82.2201417,41.2764954,https://www.openstreetmap.org/?mlat=41.2764954&mlon=-82.2201417&zoom=17,"https://www.google.com/maps/search/?api=1&query=41.2764954,-82.2201417",,,
08f44dbc5c40c48203d0ccba3322378d,Amazon Locker - Olle,,-80.874476,35.814811,https://www.openstreetmap.org/?mlat=35.814811&mlon=-80.874476&zoom=17,"https://www.google.com/maps/search/?api=1&query=35.814811,-80.874476",,,
08f2a1540bd756e003651b6fb5f6c9ae,UPS Access Point location,,-72.8377107,40.9437718,https://www.openstreetmap.org/?mlat=40.9437718&mlon=-72.8377107&zoom=17,"https://www.google.com/maps/search/?api=1&query=40.9437718,-72.8377107",,,
08f2a1007635c32d03f9d2ef2a5c47c7,Jiffy Manhasset Dry Cleaners,,-73.6992211,40.7964639,https://www.openstreetmap.org/?mlat=40.7964639&mlon=-73.6992211&zoom=17,"https://www.google.com/maps/search/?api=1&query=40.7964639,-73.6992211",,,
08f2626890ce37b6037cb30b9c5a6fc1,Two Birds Photography - Brittany Walsh,,-96.792328,46.8745738,https://www.openstreetmap.org/?mlat=46.8745738&mlon=-96.792328&zoom=17,"https://www.google.com/maps/search/?api=1&query=46.8745738,-96.792328",,,
08f44e96aeb016de0380d499371ddbff,Renovation Kids,,-86.9891853,34.2680891,https://www.openstreetmap.org/?mlat=34.2680891&mlon=-86.9891853&zoom=17,"https://www.google.com/maps/search/?api=1&query=34.2680891,-86.9891853",,,
08f274350aaea02a03c9588c0addf8f8,Mark Skvara Attorney,,-88.0110234,44.5136089,https://www.openstreetmap.org/?mlat=44.5136089&mlon=-88.0110234&zoom=17,"https://www.google.com/maps/search/?api=1&query=44.5136089,-88.0110234",,,
08f2a10774504a710328a410d70debef,Millward Architecture and Design,,-73.9928481,40.673384,https://www.openstreetmap.org/?mlat=40.673384&mlon=-73.9928481&zoom=17,"https://www.google.com/maps/search/?api=1&query=40.673384,-73.9928481",,,
08f260db983ab08103c75b1bde3c8641,CRSkullCleaning,,-93.6336721,41.3308024,https://www.openstreetmap.org/?mlat=41.3308024&mlon=-93.6336721&zoom=17,"https://www.google.com/maps/search/?api=1&query=41.3308024,-93.6336721",,,
08f29ae98050664103a37ef2c80e8b87,TownePlace Suites Tehachapi,,-118.450274,35.144811,https://www.openstreetmap.org/?mlat=35.144811&mlon=-118.450274&zoom=17,"https://www.google.com/maps/search/?api=1&query=35.144811,-118.450274",,,
08f44c1a52cc94aa0330d262579a20ad,Mableton Banquet Hall,,-84.5695338,33.8048582,https://www.openstreetmap.org/?mlat=33.8048582&mlon=-84.5695338&zoom=17,"https://www.google.com/maps/search/?api=1&query=33.8048582,-84.5695338",,,
